domain,model,horizon,series_id,t,y,q10,q50,q90
subsidence,qgbm,1,4Kdbj5ZSD2,2022-08-29,2.4,4.218976423866888,6.772865124621624,8.674802572561106
subsidence,qgbm,1,4Kdbj5ZSD2,2022-09-10,3.6,3.764765050990612,5.830289443356463,9.699167073514207
subsidence,qgbm,1,4Kdbj5ZSD2,2022-09-22,2.4,2.7424379801819487,6.403670756899254,9.46145783129597
subsidence,qgbm,1,4Kdbj5ZSD2,2022-10-04,5.2,3.629900013139925,4.116999154551915,8.695211676853235
subsidence,qgbm,1,4Kdbj5ZSD2,2022-10-16,3.9,3.404665742287431,5.5355953643555305,9.80669368952284
subsidence,qgbm,1,4Kdbj5ZSD2,2022-10-28,4.2,2.473474694464746,2.95731375015712,9.15191677804887
subsidence,qgbm,1,4Kdbj5ZSD2,2022-11-09,7.5,2.7874742963172587,2.4394551611972126,6.918890895102244
subsidence,qgbm,1,4Kdbj5ZSD2,2022-11-21,3.9,3.879263819442756,5.567783183800591,7.769392613485278
subsidence,qgbm,1,4Kdbj5ZSD2,2022-12-03,5.1,2.9213477279281514,4.240374571347825,9.362476071137715
subsidence,qgbm,1,4Kdbj5ZSD2,2022-12-15,8.1,2.5693604630667584,3.6456055747213707,8.323662077134033
subsidence,qgbm,1,4Kdbj5ZSD2,2022-12-27,-3.9,2.2282958621651336,3.0860597848918014,9.414150214632981
subsidence,qgbm,1,4Kdbj5ZSD2,2023-01-08,-4.4,3.104739980326621,3.666159952872444,8.654918104597368
subsidence,qgbm,1,4Kdbj5ZSD2,2023-01-20,2.8,-1.156207297500901,3.924368234042803,9.463512382056614
subsidence,qgbm,1,4Kdbj5ZSD2,2023-02-01,7.5,-4.586367430292585,4.480424036454173,8.614236815700378
subsidence,qgbm,1,4Kdbj5ZSD2,2023-02-13,2.4,-4.155000209680796,1.7063034684762537,8.244221481081794
subsidence,qgbm,1,4Kdbj5ZSD2,2023-02-25,3.2,-0.8332425240757679,3.2256044139332305,8.807012475849948
subsidence,qgbm,1,4Kdbj5ZSD2,2023-03-09,4.5,-0.9134134061224444,2.8250654861819977,7.652163613872903
subsidence,qgbm,1,4Kdbj5ZSD2,2023-03-21,1.8,-3.268552976245082,2.9605442662354546,9.544216915839714
subsidence,qgbm,1,4Kdbj5ZSD2,2023-04-02,10.2,-0.4645730572745449,3.2445491478510164,7.770262543172343
subsidence,qgbm,1,4Kdbj5ZSD2,2023-04-14,4.8,1.9395026218665372,1.6449432054936275,7.241245725955561
subsidence,qgbm,1,4Kdbj5ZSD2,2023-04-26,2.9,1.6168895319817447,4.868846241273764,8.643971750550998
subsidence,qgbm,1,4Kdbj5ZSD2,2023-05-08,2.5,2.3382347191931205,3.5649580164593893,8.304352948334236
subsidence,qgbm,1,4Kdbj5ZSD2,2023-05-20,1.3,2.604277922619333,6.436262891273675,9.577633609946124
subsidence,qgbm,1,4Kdbj5ZSD2,2023-06-01,9.5,1.998631337890259,5.138388956640785,8.395836499996953
subsidence,qgbm,1,4Kdbj5ZSD2,2023-06-13,4.1,2.65091980681376,2.6645778709451404,7.793433511254953
subsidence,qgbm,1,4Kdbj5ZSD2,2023-06-25,4.4,1.6181938430221043,3.5764998185432773,8.48697249003711
subsidence,qgbm,1,4Kdbj5ZSD2,2023-07-07,4.8,0.6403488766076978,2.0083245316836518,10.74637327171762
subsidence,qgbm,1,4Kdbj5ZSD2,2023-07-19,19.1,2.9673914299771846,5.862444865133418,8.477681946051298
subsidence,qgbm,1,4Kdbj5ZSD2,2023-07-31,4.9,3.7709055452749176,5.795093162786376,6.905514749111457
subsidence,qgbm,1,4Kdbj5ZSD2,2023-08-12,3.1,3.142336026176066,5.461989618268389,9.491168764334702
subsidence,qgbm,1,4Kdbj5ZSD2,2023-08-24,7.6,1.6738706381669484,6.462410564485616,7.337560825273709
subsidence,qgbm,1,4Kdbj5ZSD2,2023-09-05,6.2,-0.04385682585154505,3.852813324272192,9.661845996324248
subsidence,qgbm,1,4Kdbj5ZSD2,2023-09-17,7.3,3.3453173999075334,5.368352703712995,7.593249028263299
subsidence,qgbm,1,4Kdbj5ZSD2,2023-09-29,7.4,-0.11635713835858615,4.309684346680988,9.314669279144793
subsidence,qgbm,1,4Kdbj5ZSD2,2023-10-11,1.0,-0.8584827106399064,5.42553617053504,6.15393895067321
subsidence,qgbm,1,4Kdbj5ZSD2,2023-10-23,1.9,-1.7744230002150994,3.2735662490656514,7.244907717740019
subsidence,qgbm,1,4Kdbj5ZSD2,2023-11-04,8.0,2.2526962326363162,5.694265633647308,7.910305463772062
subsidence,qgbm,1,4Kdbj5ZSD2,2023-11-16,16.1,0.2875987643578551,7.643429305986701,10.462549874778462
subsidence,qgbm,1,4Kdbj5ZSD2,2023-11-28,9.0,0.8840971177950193,1.7446200093858064,8.365164845213808
subsidence,qgbm,1,4Kdbj5ZSD2,2023-12-10,10.4,-0.5023122942700213,1.8287089313337435,6.6521056817046835
subsidence,qar,1,4Kdbj5ZSD2,2022-08-29,2.4,-1.5950229044499276,4.022580891299793,9.41578558335473
subsidence,qar,1,4Kdbj5ZSD2,2022-09-10,3.6,-1.7191412926202363,3.796773890069345,9.50789263606984
subsidence,qar,1,4Kdbj5ZSD2,2022-09-22,2.4,-1.7794273601104706,3.687096216062918,9.552630342369174
subsidence,qar,1,4Kdbj5ZSD2,2022-10-04,5.2,-1.7368724909302804,3.7645157470364237,9.521050786457714
subsidence,qar,1,4Kdbj5ZSD2,2022-10-16,3.9,-1.7794273601104706,3.687096216062918,9.552630342369174
subsidence,qar,1,4Kdbj5ZSD2,2022-10-28,4.2,-1.680132659720097,3.867741798589019,9.478944707726239
subsidence,qar,1,4Kdbj5ZSD2,2022-11-09,7.5,-1.7262337651803386,3.7838706451616813,9.513155891205555
subsidence,qar,1,4Kdbj5ZSD2,2022-11-21,3.9,-1.7155950563401852,3.8032255125231766,9.505261008501984
subsidence,qar,1,4Kdbj5ZSD2,2022-12-03,5.1,-1.5985691407299787,4.016129268845961,9.418417210922586
subsidence,qar,1,4Kdbj5ZSD2,2022-12-15,8.1,-1.7262337651803386,3.7838706451616813,9.513155891205555
subsidence,qar,1,4Kdbj5ZSD2,2022-12-27,-3.9,-1.683678896000148,3.861290176135187,9.481576335294095
subsidence,qar,1,4Kdbj5ZSD2,2023-01-08,-4.4,-1.577291689230095,4.054839065096476,9.402627420418266
subsidence,qar,1,4Kdbj5ZSD2,2023-01-20,2.8,-2.0028404655809418,3.280643601542607,9.71842304227581
subsidence,qar,1,4Kdbj5ZSD2,2023-02-01,7.5,-2.0205716638909856,3.2483854585096856,9.731581192663684
subsidence,qar,1,4Kdbj5ZSD2,2023-02-13,2.4,-1.765242406535372,3.712902721260126,9.542103825823451
subsidence,qar,1,4Kdbj5ZSD2,2023-02-25,3.2,-1.5985691407299787,4.016129268845961,9.418417210922586
subsidence,qar,1,4Kdbj5ZSD2,2023-03-09,4.5,-1.7794273601104706,3.687096216062918,9.552630342369174
subsidence,qar,1,4Kdbj5ZSD2,2023-03-21,1.8,-1.751057444505379,3.7387092418392154,9.531577303003436
subsidence,qar,1,4Kdbj5ZSD2,2023-04-02,10.2,-1.7049563305902433,3.8225804106484342,9.497366113249825
subsidence,qar,1,4Kdbj5ZSD2,2023-04-14,4.8,-1.8007048031554602,3.648386435194284,9.568420126599198
subsidence,qar,1,4Kdbj5ZSD2,2023-04-26,2.9,-1.5028206766196561,4.19032322891823,9.347363203847506
subsidence,qar,1,4Kdbj5ZSD2,2023-05-08,2.5,-1.6943176048403015,3.841935308773692,9.489471217997664
subsidence,qar,1,4Kdbj5ZSD2,2023-05-20,1.3,-1.7616961618004265,3.7193543590958393,9.5394721919813
subsidence,qar,1,4Kdbj5ZSD2,2023-06-01,9.5,-1.7758811238304195,3.6935478385167495,9.549998714801317
subsidence,qar,1,4Kdbj5ZSD2,2023-06-13,4.1,-1.8184360014655043,3.616128292161363,9.581578276987072
subsidence,qar,1,4Kdbj5ZSD2,2023-06-25,4.4,-1.5276443474898023,4.145161840977646,9.365784609371092
subsidence,qar,1,4Kdbj5ZSD2,2023-07-07,4.8,-1.7191412926202363,3.796773890069345,9.50789263606984
subsidence,qar,1,4Kdbj5ZSD2,2023-07-19,19.1,-1.7085025668702944,3.8161287881946024,9.499997740817681
subsidence,qar,1,4Kdbj5ZSD2,2023-07-31,4.9,-1.6943176048403015,3.841935308773692,9.489471217997664
subsidence,qar,1,4Kdbj5ZSD2,2023-08-12,3.1,-1.1872053264091251,4.764518211820741,9.113148111885055
subsidence,qar,1,4Kdbj5ZSD2,2023-08-24,7.6,-1.6907713685602503,3.8483869312275236,9.486839590429808
subsidence,qar,1,4Kdbj5ZSD2,2023-09-05,6.2,-1.7546036892403243,3.7322576040035025,9.534208936845587
subsidence,qar,1,4Kdbj5ZSD2,2023-09-17,7.3,-1.5950229044499276,4.022580891299793,9.41578558335473
subsidence,qar,1,4Kdbj5ZSD2,2023-09-29,7.4,-1.6446702631000087,3.932258084654861,9.452628406950492
subsidence,qar,1,4Kdbj5ZSD2,2023-10-11,1.0,-1.605661613290081,4.003226023938297,9.423680466058299
subsidence,qar,1,4Kdbj5ZSD2,2023-10-23,1.9,-1.6021153770100298,4.009677646392129,9.421048838490442
subsidence,qar,1,4Kdbj5ZSD2,2023-11-04,8.0,-1.8290747187605518,3.5967734094179864,9.589473165964936
subsidence,qar,1,4Kdbj5ZSD2,2023-11-16,16.1,-1.797158562647962,3.654838065339056,9.565788495894195
subsidence,qar,1,4Kdbj5ZSD2,2023-11-28,9.0,-1.5808379424199346,4.048387411878882,9.405259060534712
subsidence,qar,1,4Kdbj5ZSD2,2023-12-10,10.4,-1.2935925162693898,4.570969353623214,9.192097014212294
subsidence,xtft,1,4Kdbj5ZSD2,2022-08-29,2.4,,,
subsidence,xtft,1,4Kdbj5ZSD2,2022-09-10,3.6,,,
subsidence,xtft,1,4Kdbj5ZSD2,2022-09-22,2.4,,,
subsidence,xtft,1,4Kdbj5ZSD2,2022-10-04,5.2,,,
subsidence,xtft,1,4Kdbj5ZSD2,2022-10-16,3.9,,,
subsidence,xtft,1,4Kdbj5ZSD2,2022-10-28,4.2,,,
subsidence,xtft,1,4Kdbj5ZSD2,2022-11-09,7.5,,,
subsidence,xtft,1,4Kdbj5ZSD2,2022-11-21,3.9,,,
subsidence,xtft,1,4Kdbj5ZSD2,2022-12-03,5.1,,,
subsidence,xtft,1,4Kdbj5ZSD2,2022-12-15,8.1,,,
subsidence,xtft,1,4Kdbj5ZSD2,2022-12-27,-3.9,,,
subsidence,xtft,1,4Kdbj5ZSD2,2023-01-08,-4.4,,,
subsidence,xtft,1,4Kdbj5ZSD2,2023-01-20,2.8,5.310009479522705,1.4417611360549927,5.134902477264404
subsidence,xtft,1,4Kdbj5ZSD2,2023-02-01,7.5,5.469605922698975,1.4842997789382935,5.287944793701172
subsidence,xtft,1,4Kdbj5ZSD2,2023-02-13,2.4,5.458976745605469,1.4814666509628296,5.277751922607422
subsidence,xtft,1,4Kdbj5ZSD2,2023-02-25,3.2,5.445489406585693,1.4778717756271362,5.2648186683654785
subsidence,xtft,1,4Kdbj5ZSD2,2023-03-09,4.5,5.480415344238281,1.4871809482574463,5.298310279846191
subsidence,xtft,1,4Kdbj5ZSD2,2023-03-21,1.8,5.553249359130859,1.506593942642212,5.368153095245361
subsidence,xtft,1,4Kdbj5ZSD2,2023-04-02,10.2,5.526803970336914,1.4995452165603638,5.3427934646606445
subsidence,xtft,1,4Kdbj5ZSD2,2023-04-14,4.8,5.463050842285156,1.4825526475906372,5.281659126281738
subsidence,xtft,1,4Kdbj5ZSD2,2023-04-26,2.9,5.506908893585205,1.4942424297332764,5.323715686798096
subsidence,xtft,1,4Kdbj5ZSD2,2023-05-08,2.5,5.460243225097656,1.4818042516708374,5.278966426849365
subsidence,xtft,1,4Kdbj5ZSD2,2023-05-20,1.3,5.606323719024658,1.5207403898239136,5.419047832489014
subsidence,xtft,1,4Kdbj5ZSD2,2023-06-01,9.5,5.604569911956787,1.5202728509902954,5.417366027832031
subsidence,xtft,1,4Kdbj5ZSD2,2023-06-13,4.1,5.621758460998535,1.5248544216156006,5.433848857879639
subsidence,xtft,1,4Kdbj5ZSD2,2023-06-25,4.4,5.578875541687012,1.513424277305603,5.392726421356201
subsidence,xtft,1,4Kdbj5ZSD2,2023-07-07,4.8,5.550263404846191,1.505798101425171,5.365289688110352
subsidence,xtft,1,4Kdbj5ZSD2,2023-07-19,19.1,5.669878005981445,1.5376800298690796,5.479991912841797
subsidence,xtft,1,4Kdbj5ZSD2,2023-07-31,4.9,5.641528129577637,1.5301237106323242,5.45280647277832
subsidence,xtft,1,4Kdbj5ZSD2,2023-08-12,3.1,5.627818584442139,1.5264695882797241,5.43966007232666
subsidence,xtft,1,4Kdbj5ZSD2,2023-08-24,7.6,5.561951637268066,1.508913516998291,5.376498222351074
subsidence,xtft,1,4Kdbj5ZSD2,2023-09-05,6.2,5.624484539031982,1.525580883026123,5.43646240234375
subsidence,xtft,1,4Kdbj5ZSD2,2023-09-17,7.3,5.637645721435547,1.5290888547897339,5.44908332824707
subsidence,xtft,1,4Kdbj5ZSD2,2023-09-29,7.4,5.661000728607178,1.5353138446807861,5.471479415893555
subsidence,xtft,1,4Kdbj5ZSD2,2023-10-11,1.0,5.711872577667236,1.5488731861114502,5.520261764526367
subsidence,xtft,1,4Kdbj5ZSD2,2023-10-23,1.9,5.693191051483154,1.543893814086914,5.502347469329834
subsidence,xtft,1,4Kdbj5ZSD2,2023-11-04,8.0,5.750974178314209,1.5592952966690063,5.55775785446167
subsidence,xtft,1,4Kdbj5ZSD2,2023-11-16,16.1,5.791990756988525,1.570227861404419,5.597089767456055
subsidence,xtft,1,4Kdbj5ZSD2,2023-11-28,9.0,5.749770164489746,1.5589743852615356,5.556602954864502
subsidence,xtft,1,4Kdbj5ZSD2,2023-12-10,10.4,5.636816501617432,1.5288679599761963,5.448288440704346
subsidence,qgbm,3,4Kdbj5ZSD2,2022-08-29,2.4,3.7041440330788262,5.1643631582712315,6.122156299798824
subsidence,qgbm,3,4Kdbj5ZSD2,2022-09-10,5.2,2.0204417066144873,3.8960826117490197,3.8455682666528146
subsidence,qgbm,3,4Kdbj5ZSD2,2022-09-22,3.9,3.140271888895451,3.8405668594811595,5.667452961254947
subsidence,qgbm,3,4Kdbj5ZSD2,2022-10-04,4.2,3.6660471649852298,5.68099981052925,6.76082540845433
subsidence,qgbm,3,4Kdbj5ZSD2,2022-10-16,7.5,2.5287046112005607,4.370146796687153,5.444799792892253
subsidence,qgbm,3,4Kdbj5ZSD2,2022-10-28,3.9,2.0313898405218374,3.0111924352005666,4.382779848140727
subsidence,qgbm,3,4Kdbj5ZSD2,2022-11-09,5.1,3.130172756445345,3.9907900451388945,4.730281295008212
subsidence,qgbm,3,4Kdbj5ZSD2,2022-11-21,8.1,4.2243580477887654,5.019238014934172,6.40008429784246
subsidence,qgbm,3,4Kdbj5ZSD2,2022-12-03,-3.9,-0.3898591584975277,4.7495784519362845,8.864759417702016
subsidence,qgbm,3,4Kdbj5ZSD2,2022-12-15,-4.4,1.9933312800051903,4.094990308758645,6.512989639532103
subsidence,qgbm,3,4Kdbj5ZSD2,2022-12-27,2.8,1.7713665633328506,5.36675280135681,5.737877567534152
subsidence,qgbm,3,4Kdbj5ZSD2,2023-01-08,7.5,0.16778418758817112,4.635729418619756,8.09660166989249
subsidence,qgbm,3,4Kdbj5ZSD2,2023-01-20,2.4,-4.230596185058782,1.163854007372533,7.555805183495909
subsidence,qgbm,3,4Kdbj5ZSD2,2023-02-01,3.2,-4.119372598730736,4.683377335752203,9.558279324529734
subsidence,qgbm,3,4Kdbj5ZSD2,2023-02-13,4.5,1.460340097745022,3.310816549838969,8.157486260093334
subsidence,qgbm,3,4Kdbj5ZSD2,2023-02-25,1.8,-1.3344103127424094,4.102400199552176,8.559776463671001
subsidence,qgbm,3,4Kdbj5ZSD2,2023-03-09,10.2,2.5660747643296764,3.808756987135826,6.883073671378578
subsidence,qgbm,3,4Kdbj5ZSD2,2023-03-21,4.8,3.003172892147516,4.43758338049133,6.627158859470958
subsidence,qgbm,3,4Kdbj5ZSD2,2023-04-02,2.9,0.9747670203368606,2.133031862192387,7.779461498702318
subsidence,qgbm,3,4Kdbj5ZSD2,2023-04-14,2.5,1.8012124936341498,2.9730298480009187,7.1191444531472
subsidence,qgbm,3,4Kdbj5ZSD2,2023-04-26,1.3,3.79945271139647,6.547019603219409,8.532345584055886
subsidence,qgbm,3,4Kdbj5ZSD2,2023-05-08,9.5,4.296109857957503,5.660585662762921,7.137855377049028
subsidence,qgbm,3,4Kdbj5ZSD2,2023-05-20,4.1,1.7063777033856038,4.963721074548236,7.712041495409493
subsidence,qgbm,3,4Kdbj5ZSD2,2023-06-01,4.4,3.807460728617547,6.0660721324929625,8.131329879944333
subsidence,qgbm,3,4Kdbj5ZSD2,2023-06-13,4.8,3.461351649495925,5.30988629706391,8.036528071100996
subsidence,qgbm,3,4Kdbj5ZSD2,2023-06-25,19.1,1.5001626721075236,4.101384165043873,7.591276061868415
subsidence,qgbm,3,4Kdbj5ZSD2,2023-07-07,4.9,2.304180453904066,3.880399655696963,8.253592951528848
subsidence,qgbm,3,4Kdbj5ZSD2,2023-07-19,3.1,2.9320162485359815,4.536922917865686,6.391703841140417
subsidence,qgbm,3,4Kdbj5ZSD2,2023-07-31,7.6,3.1680839951776885,4.745312884136517,8.751659666012404
subsidence,qgbm,3,4Kdbj5ZSD2,2023-08-12,6.2,-1.922276598458608,3.0815453366362187,8.493968111766677
subsidence,qgbm,3,4Kdbj5ZSD2,2023-08-24,7.3,1.8648835502169758,3.863107570329134,6.776137421717743
subsidence,qgbm,3,4Kdbj5ZSD2,2023-09-05,7.4,0.5072967612289135,3.1834048001558077,5.818320137896478
subsidence,qgbm,3,4Kdbj5ZSD2,2023-09-17,1.0,1.0066277594762996,3.8340223903490633,6.919127575324645
subsidence,qgbm,3,4Kdbj5ZSD2,2023-09-29,1.9,1.1915211273659132,3.856554462389467,7.703247561390439
subsidence,qgbm,3,4Kdbj5ZSD2,2023-10-11,8.0,2.9493280921441256,5.181081714255831,7.3500667700916384
subsidence,qgbm,3,4Kdbj5ZSD2,2023-10-23,16.1,2.310947638779676,4.697487540370519,7.394277550887612
subsidence,qgbm,3,4Kdbj5ZSD2,2023-11-04,9.0,1.8806266004110517,4.6060880607158,5.459672435450708
subsidence,qgbm,3,4Kdbj5ZSD2,2023-11-16,10.4,2.869455713254004,4.145504119856713,5.543900974132537
subsidence,qar,3,4Kdbj5ZSD2,2022-08-29,2.4,-0.42856057746551723,4.2142624024439765,9.876561754657475
subsidence,qar,3,4Kdbj5ZSD2,2022-09-10,5.2,-1.4285714405372925,3.7142716080487572,9.64932611458799
subsidence,qar,3,4Kdbj5ZSD2,2022-09-22,3.9,-1.9142909481044588,3.4714189637327006,9.53895453036617
subsidence,qar,3,4Kdbj5ZSD2,2022-10-04,4.2,-1.5714301352618318,3.6428443517065827,9.616863880292348
subsidence,qar,3,4Kdbj5ZSD2,2022-10-16,7.5,-1.9142909481044588,3.4714189637327006,9.53895453036617
subsidence,qar,3,4Kdbj5ZSD2,2022-10-28,3.9,-1.1142823393914396,3.871411558377872,9.720743023846719
subsidence,qar,3,4Kdbj5ZSD2,2022-11-09,5.1,-1.485714863930841,3.6857007327592233,9.636341233253091
subsidence,qar,3,4Kdbj5ZSD2,2022-11-21,8.1,-1.3999997288405182,3.728557045693524,9.655818555255436
subsidence,qar,3,4Kdbj5ZSD2,2022-12-03,-3.9,-0.45713228916229154,4.199976964799209,9.870069313990026
subsidence,qar,3,4Kdbj5ZSD2,2022-12-15,-4.4,-1.485714863930841,3.6857007327592233,9.636341233253091
subsidence,qar,3,4Kdbj5ZSD2,2022-12-27,2.8,-1.142854051088214,3.8571261207331053,9.71425058317927
subsidence,qar,3,4Kdbj5ZSD2,2023-01-08,7.5,-0.28570174650031,4.28568972690449,9.909024019911515
subsidence,qar,3,4Kdbj5ZSD2,2023-01-20,2.4,-3.714310556129921,2.57143550657397,9.129930365857735
subsidence,qar,3,4Kdbj5ZSD2,2023-02-01,3.2,-3.8571692508544606,2.500008250231796,9.097468131562094
subsidence,qar,3,4Kdbj5ZSD2,2023-02-13,4.5,-1.8000040331970277,3.5285607483709382,9.564924308515161
subsidence,qar,3,4Kdbj5ZSD2,2023-02-25,1.8,-0.45713228916229154,4.199976964799209,9.870069313990026
subsidence,qar,3,4Kdbj5ZSD2,2023-03-09,10.2,-1.9142909481044588,3.4714189637327006,9.53895453036617
subsidence,qar,3,4Kdbj5ZSD2,2023-03-21,4.8,-1.6857170501692629,3.5857025670683456,9.590894102143354
subsidence,qar,3,4Kdbj5ZSD2,2023-04-02,2.9,-1.3142844575095274,3.7714134267461645,9.675295908216182
subsidence,qar,3,4Kdbj5ZSD2,2023-04-14,2.5,-2.0857214226461065,3.3857062356865897,9.49999983992388
subsidence,qar,3,4Kdbj5ZSD2,2023-04-26,1.3,0.3143046078539533,4.5856841217996145,10.045365366803127
subsidence,qar,3,4Kdbj5ZSD2,2023-05-08,9.5,-1.2285691861785366,3.8142698077988046,9.694773261176925
subsidence,qar,3,4Kdbj5ZSD2,2023-05-20,4.1,-1.7714322533799196,3.5428462200748747,9.57141676466181
subsidence,qar,3,4Kdbj5ZSD2,2023-06-01,4.4,-1.8857192364076847,3.4857044013774674,9.545446971033618
subsidence,qar,3,4Kdbj5ZSD2,2023-06-13,4.8,-2.2285801173706457,3.3142789793444156,9.46753760562824
subsidence,qar,3,4Kdbj5ZSD2,2023-06-25,19.1,0.11430248973586554,4.485685990167906,9.99991825117259
subsidence,qar,3,4Kdbj5ZSD2,2023-07-07,4.9,-1.4285714405372925,3.7142716080487572,9.64932611458799
subsidence,qar,3,4Kdbj5ZSD2,2023-07-19,3.1,-1.3428561692063017,3.7571279891013973,9.668803467548733
subsidence,qar,3,4Kdbj5ZSD2,2023-07-31,7.6,-1.2285691861785366,3.8142698077988046,9.694773261176925
subsidence,qar,3,4Kdbj5ZSD2,2023-08-12,6.2,2.8571895374395546,5.857089366432323,10.623193174415613
subsidence,qar,3,4Kdbj5ZSD2,2023-08-24,7.3,-1.1999974744817625,3.828555245443572,9.701265701844374
subsidence,qar,3,4Kdbj5ZSD2,2023-09-05,7.4,-1.714288829986371,3.5714170953644087,9.584401645996707
subsidence,qar,3,4Kdbj5ZSD2,2023-09-17,1.0,-0.42856057746551723,4.2142624024439765,9.876561754657475
subsidence,qar,3,4Kdbj5ZSD2,2023-09-29,1.9,-0.8285649499423611,4.01426607106222,9.785667492438
subsidence,qar,3,4Kdbj5ZSD2,2023-10-11,8.0,-0.5142757125558401,4.171406089509675,9.85708443265513
subsidence,qar,3,4Kdbj5ZSD2,2023-10-23,16.1,-0.48570400085906584,4.185691527154443,9.863576873322577
subsidence,qar,3,4Kdbj5ZSD2,2023-11-04,9.0,-2.3142953205813024,3.271422632350945,9.448060268146694
subsidence,qar,3,4Kdbj5ZSD2,2023-11-16,10.4,-2.057149676889165,3.3999916903609417,9.506492288330929
subsidence,xtft,3,4Kdbj5ZSD2,2022-08-29,2.4,,,
subsidence,xtft,3,4Kdbj5ZSD2,2022-09-10,5.2,,,
subsidence,xtft,3,4Kdbj5ZSD2,2022-09-22,3.9,,,
subsidence,xtft,3,4Kdbj5ZSD2,2022-10-04,4.2,,,
subsidence,xtft,3,4Kdbj5ZSD2,2022-10-16,7.5,,,
subsidence,xtft,3,4Kdbj5ZSD2,2022-10-28,3.9,,,
subsidence,xtft,3,4Kdbj5ZSD2,2022-11-09,5.1,,,
subsidence,xtft,3,4Kdbj5ZSD2,2022-11-21,8.1,,,
subsidence,xtft,3,4Kdbj5ZSD2,2022-12-03,-3.9,,,
subsidence,xtft,3,4Kdbj5ZSD2,2022-12-15,-4.4,,,
subsidence,xtft,3,4Kdbj5ZSD2,2022-12-27,2.8,,,
subsidence,xtft,3,4Kdbj5ZSD2,2023-01-08,7.5,,,
subsidence,xtft,3,4Kdbj5ZSD2,2023-01-20,2.4,-0.3458540141582489,2.0907845497131348,8.734078407287598
subsidence,xtft,3,4Kdbj5ZSD2,2023-02-01,3.2,-0.3505677878856659,2.121767520904541,8.865180969238281
subsidence,xtft,3,4Kdbj5ZSD2,2023-02-13,4.5,-0.35495778918266296,2.150622606277466,8.987278938293457
subsidence,xtft,3,4Kdbj5ZSD2,2023-02-25,1.8,-0.36508023738861084,2.217156171798706,9.26881217956543
subsidence,xtft,3,4Kdbj5ZSD2,2023-03-09,10.2,-0.36124464869499207,2.1919453144073486,9.16213321685791
subsidence,xtft,3,4Kdbj5ZSD2,2023-03-21,4.8,-0.3603074848651886,2.1857852935791016,9.136068344116211
subsidence,xtft,3,4Kdbj5ZSD2,2023-04-02,2.9,-0.3610890805721283,2.190922737121582,9.157807350158691
subsidence,xtft,3,4Kdbj5ZSD2,2023-04-14,2.5,-0.35539278388023376,2.1534814834594727,8.999377250671387
subsidence,xtft,3,4Kdbj5ZSD2,2023-04-26,1.3,-0.3557299077510834,2.1556975841522217,9.008753776550293
subsidence,xtft,3,4Kdbj5ZSD2,2023-05-08,9.5,-0.35736414790153503,2.1664392948150635,9.054206848144531
subsidence,xtft,3,4Kdbj5ZSD2,2023-05-20,4.1,-0.3671025335788727,2.2304484844207764,9.325057029724121
subsidence,xtft,3,4Kdbj5ZSD2,2023-06-01,4.4,-0.3584893047809601,2.1738345623016357,9.08549976348877
subsidence,xtft,3,4Kdbj5ZSD2,2023-06-13,4.8,-0.364364355802536,2.2124507427215576,9.2489013671875
subsidence,xtft,3,4Kdbj5ZSD2,2023-06-25,19.1,-0.36793622374534607,2.2359280586242676,9.348243713378906
subsidence,xtft,3,4Kdbj5ZSD2,2023-07-07,4.9,-0.3609040379524231,2.189706563949585,9.152660369873047
subsidence,xtft,3,4Kdbj5ZSD2,2023-07-19,3.1,-0.3610178530216217,2.1904544830322266,9.1558256149292
subsidence,xtft,3,4Kdbj5ZSD2,2023-07-31,7.6,-0.3529531955718994,2.137446403503418,8.931525230407715
subsidence,xtft,3,4Kdbj5ZSD2,2023-08-12,6.2,-0.357652872800827,2.168336868286133,9.062236785888672
subsidence,xtft,3,4Kdbj5ZSD2,2023-08-24,7.3,-0.3523423671722412,2.1334316730499268,8.91453742980957
subsidence,xtft,3,4Kdbj5ZSD2,2023-09-05,7.4,-0.3638533055782318,2.2090916633605957,9.234686851501465
subsidence,xtft,3,4Kdbj5ZSD2,2023-09-17,1.0,-0.36228668689727783,2.198794364929199,9.191115379333496
subsidence,xtft,3,4Kdbj5ZSD2,2023-09-29,1.9,-0.3667900860309601,2.2283947467803955,9.316367149353027
subsidence,xtft,3,4Kdbj5ZSD2,2023-10-11,8.0,-0.3701367676258087,2.250392198562622,9.40944766998291
subsidence,xtft,3,4Kdbj5ZSD2,2023-10-23,16.1,-0.368682324886322,2.2408320903778076,9.368995666503906
subsidence,xtft,3,4Kdbj5ZSD2,2023-11-04,9.0,-0.37383833527565,2.274722099304199,9.512398719787598
subsidence,xtft,3,4Kdbj5ZSD2,2023-11-16,10.4,-0.3659403324127197,2.2228095531463623,9.292733192443848
subsidence,qgbm,7,4Kdbj5ZSD2,2022-08-29,7.5,2.1921585285648555,2.9039236318161104,4.599745653930651
subsidence,qgbm,7,4Kdbj5ZSD2,2022-09-10,3.9,1.8622210128480123,3.273448789603823,5.1562895905516095
subsidence,qgbm,7,4Kdbj5ZSD2,2022-09-22,5.1,2.635970853061458,4.85084482470166,5.718596956993507
subsidence,qgbm,7,4Kdbj5ZSD2,2022-10-04,8.1,2.7851526181495863,4.04388029040047,5.816050111130386
subsidence,qgbm,7,4Kdbj5ZSD2,2022-10-16,-3.9,2.5033513868677506,4.3464968420230266,6.637206147758961
subsidence,qgbm,7,4Kdbj5ZSD2,2022-10-28,-4.4,1.3946219585465158,2.7484357928945937,5.767873654158866
subsidence,qgbm,7,4Kdbj5ZSD2,2022-11-09,2.8,1.7081682088381802,4.19579989302676,7.346423762096313
subsidence,qgbm,7,4Kdbj5ZSD2,2022-11-21,7.5,2.4426380343491383,4.820035445629001,6.186441842513564
subsidence,qgbm,7,4Kdbj5ZSD2,2022-12-03,2.4,0.5486120088305967,4.030246879210698,7.078870703851198
subsidence,qgbm,7,4Kdbj5ZSD2,2022-12-15,3.2,0.2716644887059263,4.285451632780832,6.812929287887606
subsidence,qgbm,7,4Kdbj5ZSD2,2022-12-27,4.5,0.22965014354291977,3.3756478828654632,6.211393982051122
subsidence,qgbm,7,4Kdbj5ZSD2,2023-01-08,1.8,0.22108493041646723,3.8892523499213727,7.020581583131803
subsidence,qgbm,7,4Kdbj5ZSD2,2023-01-20,10.2,0.2776292886795564,3.899922629804241,6.914089814147942
subsidence,qgbm,7,4Kdbj5ZSD2,2023-02-01,4.8,0.8042270129715398,4.935946326791662,6.837761880150718
subsidence,qgbm,7,4Kdbj5ZSD2,2023-02-13,2.9,1.3518334760794823,3.1093287736764297,9.774778741612415
subsidence,qgbm,7,4Kdbj5ZSD2,2023-02-25,2.5,2.370351602498131,4.1068233296159224,10.71982774138015
subsidence,qgbm,7,4Kdbj5ZSD2,2023-03-09,1.3,2.013659123952672,4.95121509359328,8.059309724500762
subsidence,qgbm,7,4Kdbj5ZSD2,2023-03-21,9.5,-0.9687898161723812,5.419726799648927,8.564869727384773
subsidence,qgbm,7,4Kdbj5ZSD2,2023-04-02,4.1,0.6770802963292968,7.569086204827963,10.878062130475701
subsidence,qgbm,7,4Kdbj5ZSD2,2023-04-14,4.4,0.503049051897318,6.609311171216797,10.298932418517355
subsidence,qgbm,7,4Kdbj5ZSD2,2023-04-26,4.8,-0.43601073416688096,4.167774160549438,7.423342840999789
subsidence,qgbm,7,4Kdbj5ZSD2,2023-05-08,19.1,0.9661425079421524,3.2637423646990595,7.876885199406889
subsidence,qgbm,7,4Kdbj5ZSD2,2023-05-20,4.9,1.3035768803950707,5.280957432151776,7.875573304202801
subsidence,qgbm,7,4Kdbj5ZSD2,2023-06-01,3.1,1.5630392332966336,4.952522560264845,7.979615136925863
subsidence,qgbm,7,4Kdbj5ZSD2,2023-06-13,7.6,1.0411526104263633,5.231178642398842,8.68976326068981
subsidence,qgbm,7,4Kdbj5ZSD2,2023-06-25,6.2,-2.445017196191123,2.9638010188555137,6.695608331667606
subsidence,qgbm,7,4Kdbj5ZSD2,2023-07-07,7.3,-1.4197265617909551,2.6435819522318966,5.932247187020618
subsidence,qgbm,7,4Kdbj5ZSD2,2023-07-19,7.4,2.2196603635314704,4.612825142113249,4.989898061296221
subsidence,qgbm,7,4Kdbj5ZSD2,2023-07-31,1.0,2.9669121758963897,4.343402624957419,6.083029364030704
subsidence,qgbm,7,4Kdbj5ZSD2,2023-08-12,1.9,-1.8074844839678341,4.282189065814946,7.8020301687120845
subsidence,qgbm,7,4Kdbj5ZSD2,2023-08-24,8.0,1.0010478072588658,4.548768058037428,6.7333566002705885
subsidence,qgbm,7,4Kdbj5ZSD2,2023-09-05,16.1,1.468563065851851,3.6808776766385165,7.530388783194442
subsidence,qgbm,7,4Kdbj5ZSD2,2023-09-17,9.0,2.9186317042752314,4.265325733890967,7.910669858704239
subsidence,qgbm,7,4Kdbj5ZSD2,2023-09-29,10.4,2.9266676773109563,5.327362220086614,8.127140702196275
subsidence,qar,7,4Kdbj5ZSD2,2022-08-29,7.5,-1.0424453625009698,3.980952115017373,11.366652634351137
subsidence,qar,7,4Kdbj5ZSD2,2022-09-10,3.9,-1.5208625198215584,3.8976189150825613,10.199991840289734
subsidence,qar,7,4Kdbj5ZSD2,2022-09-22,5.1,-1.7532365415913214,3.8571427939412377,9.633328089609305
subsidence,qar,7,4Kdbj5ZSD2,2022-10-04,8.1,-1.589207828010214,3.8857141722347315,10.033326012566675
subsidence,qar,7,4Kdbj5ZSD2,2022-10-16,-3.9,-1.7532365415913214,3.8571427939412377,9.633328089609305
subsidence,qar,7,4Kdbj5ZSD2,2022-10-28,-4.4,-1.3705028548423495,3.9238093470771385,10.566656629491478
subsidence,qar,7,4Kdbj5ZSD2,2022-11-09,2.8,-1.5482006170253548,3.8928570224847285,10.133325572778478
subsidence,qar,7,4Kdbj5ZSD2,2022-11-21,7.5,-1.5071934712196604,3.899999861381478,10.233324974045361
subsidence,qar,7,4Kdbj5ZSD2,2022-12-03,2.4,-1.056114411102868,3.978571168718456,11.333319500595511
subsidence,qar,7,4Kdbj5ZSD2,2022-12-15,3.2,-1.5482006170253548,3.8928570224847285,10.133325572778478
subsidence,qar,7,4Kdbj5ZSD2,2022-12-27,4.5,-1.3841719034442475,3.921428400778222,10.53332349573585
subsidence,qar,7,4Kdbj5ZSD2,2023-01-08,1.8,-0.9740999891331492,3.9928568692184507,11.533318621019115
subsidence,qar,7,4Kdbj5ZSD2,2023-01-20,10.2,-2.614387450840047,3.7071430295172783,7.53333859672081
subsidence,qar,7,4Kdbj5ZSD2,2023-02-01,4.8,-2.6827327590287027,3.695238286669448,7.366672768997752
subsidence,qar,7,4Kdbj5ZSD2,2023-02-13,2.9,-1.6985603145941464,3.8666665848135278,9.766660704104275
subsidence,qar,7,4Kdbj5ZSD2,2023-02-25,2.5,-1.056114411102868,3.978571168718456,11.333319500595511
subsidence,qar,7,4Kdbj5ZSD2,2023-03-09,1.3,-1.7532365415913214,3.8571427939412377,9.633328089609305
subsidence,qar,7,4Kdbj5ZSD2,2023-03-21,9.5,-1.643884055007389,3.8761903813624414,9.899993398071706
subsidence,qar,7,4Kdbj5ZSD2,2023-04-02,4.1,-1.466186260234801,3.907142711631475,10.333324534257164
subsidence,qar,7,4Kdbj5ZSD2,2023-04-14,4.4,-1.8352509309714575,3.842857099117867,9.43332904865816
subsidence,qar,7,4Kdbj5ZSD2,2023-04-26,4.8,-0.6870497729557941,4.042856775555441,12.233314906722054
subsidence,qar,7,4Kdbj5ZSD2,2023-05-08,19.1,-1.4251790492499419,3.9142855618814725,10.433324094468967
subsidence,qar,7,4Kdbj5ZSD2,2023-05-20,4.9,-1.6848912334026658,3.869047536789068,9.799993917332364
subsidence,qar,7,4Kdbj5ZSD2,2023-06-01,3.1,-1.7395674929894231,3.8595237402401543,9.666661223364933
subsidence,qar,7,4Kdbj5ZSD2,2023-06-13,7.6,-1.903596239160113,3.830952356270037,9.266663220935103
subsidence,qar,7,4Kdbj5ZSD2,2023-06-25,6.2,-0.7827331783482459,4.026190140109777,11.99998281148774
subsidence,qar,7,4Kdbj5ZSD2,2023-07-07,7.3,-1.5208625198215584,3.8976189150825613,10.199991840289734
subsidence,qar,7,4Kdbj5ZSD2,2023-07-19,7.4,-1.479855308836699,3.904761765332559,10.299991400501536
subsidence,qar,7,4Kdbj5ZSD2,2023-07-31,1.0,-1.4251790492499419,3.9142855618814725,10.433324094468967
subsidence,qar,7,4Kdbj5ZSD2,2023-08-12,1.9,0.5294967910172725,4.254761211870715,15.199966830926385
subsidence,qar,7,4Kdbj5ZSD2,2023-08-24,8.0,-1.4115100006480437,3.9166665081803886,10.466657228224594
subsidence,qar,7,4Kdbj5ZSD2,2023-09-05,16.1,-1.6575531361988696,3.873809429386901,9.866660184843617
subsidence,qar,7,4Kdbj5ZSD2,2023-09-17,9.0,-1.0424453625009698,3.980952115017373,11.366652634351137
subsidence,qar,7,4Kdbj5ZSD2,2023-09-29,10.4,-1.2338122384650383,3.947618832772799,10.899988284937592
subsidence,xtft,7,4Kdbj5ZSD2,2022-08-29,7.5,,,
subsidence,xtft,7,4Kdbj5ZSD2,2022-09-10,3.9,,,
subsidence,xtft,7,4Kdbj5ZSD2,2022-09-22,5.1,,,
subsidence,xtft,7,4Kdbj5ZSD2,2022-10-04,8.1,,,
subsidence,xtft,7,4Kdbj5ZSD2,2022-10-16,-3.9,,,
subsidence,xtft,7,4Kdbj5ZSD2,2022-10-28,-4.4,,,
subsidence,xtft,7,4Kdbj5ZSD2,2022-11-09,2.8,,,
subsidence,xtft,7,4Kdbj5ZSD2,2022-11-21,7.5,,,
subsidence,xtft,7,4Kdbj5ZSD2,2022-12-03,2.4,,,
subsidence,xtft,7,4Kdbj5ZSD2,2022-12-15,3.2,,,
subsidence,xtft,7,4Kdbj5ZSD2,2022-12-27,4.5,,,
subsidence,xtft,7,4Kdbj5ZSD2,2023-01-08,1.8,,,
subsidence,xtft,7,4Kdbj5ZSD2,2023-01-20,10.2,-3.6172237396240234,6.036800861358643,4.194511413574219
subsidence,xtft,7,4Kdbj5ZSD2,2023-02-01,4.8,-3.6166207790374756,6.035787582397461,4.193825721740723
subsidence,xtft,7,4Kdbj5ZSD2,2023-02-13,2.9,-3.470024347305298,5.789514064788818,4.0271315574646
subsidence,xtft,7,4Kdbj5ZSD2,2023-02-25,2.5,-3.4394350051879883,5.738125324249268,3.9923484325408936
subsidence,xtft,7,4Kdbj5ZSD2,2023-03-09,1.3,-3.489075183868408,5.821518421173096,4.048794269561768
subsidence,xtft,7,4Kdbj5ZSD2,2023-03-21,9.5,-3.607922077178955,6.02117395401001,4.183934211730957
subsidence,xtft,7,4Kdbj5ZSD2,2023-04-02,4.1,-3.6040287017822266,6.014633655548096,4.179507255554199
subsidence,xtft,7,4Kdbj5ZSD2,2023-04-14,4.4,-3.6003756523132324,6.0084967613220215,4.175353527069092
subsidence,xtft,7,4Kdbj5ZSD2,2023-04-26,4.8,-3.5842795372009277,5.981456279754639,4.157050609588623
subsidence,xtft,7,4Kdbj5ZSD2,2023-05-08,19.1,-3.516238212585449,5.867150783538818,4.079681396484375
subsidence,xtft,7,4Kdbj5ZSD2,2023-05-20,4.9,-3.586634635925293,5.98541259765625,4.159728527069092
subsidence,xtft,7,4Kdbj5ZSD2,2023-06-01,3.1,-3.6058759689331055,6.017736911773682,4.181607723236084
subsidence,xtft,7,4Kdbj5ZSD2,2023-06-13,7.6,-3.5518555641174316,5.926985740661621,4.120181560516357
subsidence,xtft,7,4Kdbj5ZSD2,2023-06-25,6.2,-3.5582985877990723,5.937809467315674,4.12750768661499
subsidence,xtft,7,4Kdbj5ZSD2,2023-07-07,7.3,-3.4202768802642822,5.7059407234191895,3.9705638885498047
subsidence,xtft,7,4Kdbj5ZSD2,2023-07-19,7.4,-3.513545274734497,5.862626075744629,4.0766191482543945
subsidence,xtft,7,4Kdbj5ZSD2,2023-07-31,1.0,-3.5845119953155518,5.981846809387207,4.157314777374268
subsidence,xtft,7,4Kdbj5ZSD2,2023-08-12,1.9,-3.553209066390991,5.929259777069092,4.121720790863037
subsidence,xtft,7,4Kdbj5ZSD2,2023-08-24,8.0,-3.314328908920288,5.5279541015625,3.8500912189483643
subsidence,xtft,7,4Kdbj5ZSD2,2023-09-05,16.1,-3.6262009143829346,6.051881313323975,4.204719066619873
subsidence,xtft,7,4Kdbj5ZSD2,2023-09-17,9.0,-3.6406896114349365,6.076221942901611,4.221194267272949
subsidence,xtft,7,4Kdbj5ZSD2,2023-09-29,10.4,-3.658116102218628,6.105497360229492,4.241009712219238
subsidence,qgbm,14,4Kdbj5ZSD2,2022-08-29,7.5,-1.9930167445688,5.008402684096022,8.192740645467092
subsidence,qgbm,14,4Kdbj5ZSD2,2022-09-10,2.4,-0.3617340432541581,4.475007420474928,8.507451468591665
subsidence,qgbm,14,4Kdbj5ZSD2,2022-09-22,3.2,-1.5199473637656622,3.4423614192916827,7.154349210217382
subsidence,qgbm,14,4Kdbj5ZSD2,2022-10-04,4.5,-0.9952452663470193,3.4885596070336313,5.84924739877686
subsidence,qgbm,14,4Kdbj5ZSD2,2022-10-16,1.8,-0.035023629685933325,3.6042874607489215,6.612135253396189
subsidence,qgbm,14,4Kdbj5ZSD2,2022-10-28,10.2,1.2787065490992158,4.04571018545101,7.541753698272994
subsidence,qgbm,14,4Kdbj5ZSD2,2022-11-09,4.8,2.6086052487532703,3.5715837665706207,4.930256355671732
subsidence,qgbm,14,4Kdbj5ZSD2,2022-11-21,2.9,1.5100169391840377,3.7626994597979113,6.054358577619904
subsidence,qgbm,14,4Kdbj5ZSD2,2022-12-03,2.5,0.2871370271685206,4.415118991506411,7.3291064961424786
subsidence,qgbm,14,4Kdbj5ZSD2,2022-12-15,1.3,1.7093368562744622,4.779350608033318,6.64846501805404
subsidence,qgbm,14,4Kdbj5ZSD2,2022-12-27,9.5,-0.4078796400110551,4.1337515641758324,5.838176761581355
subsidence,qgbm,14,4Kdbj5ZSD2,2023-01-08,4.1,2.0641591814768243,4.874235049857459,8.529301699058804
subsidence,qgbm,14,4Kdbj5ZSD2,2023-01-20,4.4,-0.6274747421554276,5.98775082341265,8.576261210978318
subsidence,qgbm,14,4Kdbj5ZSD2,2023-02-01,4.8,-4.693728041991227,4.618971521333874,9.45314889853226
subsidence,qgbm,14,4Kdbj5ZSD2,2023-02-13,19.1,0.6418048307574453,5.52751832693479,9.41300453051774
subsidence,qgbm,14,4Kdbj5ZSD2,2023-02-25,4.9,-0.20807936612242084,2.567004071671397,9.064257546585736
subsidence,qgbm,14,4Kdbj5ZSD2,2023-03-09,3.1,1.6654289903334574,4.3267520556590835,9.035496243440857
subsidence,qgbm,14,4Kdbj5ZSD2,2023-03-21,7.6,-0.3547877917026334,3.9978292754771205,9.299368289779606
subsidence,qgbm,14,4Kdbj5ZSD2,2023-04-02,6.2,-3.6609008810269223,1.3192318124804692,6.200632886191218
subsidence,qgbm,14,4Kdbj5ZSD2,2023-04-14,7.3,-1.408896783036605,3.550236817547102,7.557507624196192
subsidence,qgbm,14,4Kdbj5ZSD2,2023-04-26,7.4,-0.3406284900147294,2.1765035860995834,7.670792028319071
subsidence,qgbm,14,4Kdbj5ZSD2,2023-05-08,1.0,1.5151754013105627,4.444871574319535,6.866262402744456
subsidence,qgbm,14,4Kdbj5ZSD2,2023-05-20,1.9,0.6451011910035773,3.8009215494015978,8.608917120670881
subsidence,qgbm,14,4Kdbj5ZSD2,2023-06-01,8.0,0.18032054346552823,3.1458262036741376,6.201996660560385
subsidence,qgbm,14,4Kdbj5ZSD2,2023-06-13,16.1,1.2364393553345991,3.462198305607132,5.474278265181519
subsidence,qgbm,14,4Kdbj5ZSD2,2023-06-25,9.0,-2.0351607413852997,2.189150394678655,7.1967294410373075
subsidence,qgbm,14,4Kdbj5ZSD2,2023-07-07,10.4,1.5278049134399776,4.135016598684932,6.7706217644137725
subsidence,qar,14,4Kdbj5ZSD2,2022-08-29,7.5,-2.080770750329272,3.748514093315433,8.405697659818655
subsidence,qar,14,4Kdbj5ZSD2,2022-09-10,2.4,-2.282692071407055,3.956432739737445,8.895335184880068
subsidence,qar,14,4Kdbj5ZSD2,2022-09-22,3.2,-2.3807681306409965,4.057421785240327,9.133159098941057
subsidence,qar,14,4Kdbj5ZSD2,2022-10-04,4.5,-2.311537974418167,3.986135403512018,8.965283402745985
subsidence,qar,14,4Kdbj5ZSD2,2022-10-16,1.8,-2.3807681306409965,4.057421785240327,9.133159098941057
subsidence,qar,14,4Kdbj5ZSD2,2022-10-28,10.2,-2.219231090284528,3.8910868850987175,8.741449118916616
subsidence,qar,14,4Kdbj5ZSD2,2022-11-09,4.8,-2.294230421607661,3.9683137939166073,8.923314445343307
subsidence,qar,14,4Kdbj5ZSD2,2022-11-21,2.9,-2.276922896306752,3.950492212647864,8.88134555464845
subsidence,qar,14,4Kdbj5ZSD2,2022-12-03,2.5,-2.086539925429575,3.7544546204050135,8.419687290050273
subsidence,qar,14,4Kdbj5ZSD2,2022-12-15,1.3,-2.294230421607661,3.9683137939166073,8.923314445343307
subsidence,qar,14,4Kdbj5ZSD2,2022-12-27,9.5,-2.225000265384831,3.8970274121882986,8.755438749148237
subsidence,qar,14,4Kdbj5ZSD2,2023-01-08,4.1,-2.051924819808563,3.7188114012141917,8.33574937524492
subsidence,qar,14,4Kdbj5ZSD2,2023-01-20,4.4,-2.744226519584845,4.431675360130615,10.01450667073473
subsidence,qar,14,4Kdbj5ZSD2,2023-02-01,4.8,-2.7730724225959573,4.461378023905189,10.084454888600646
subsidence,qar,14,4Kdbj5ZSD2,2023-02-13,19.1,-2.357691416484986,4.0336596627186685,9.07720054466067
subsidence,qar,14,4Kdbj5ZSD2,2023-02-25,4.9,-2.086539925429575,3.7544546204050135,8.419687290050273
subsidence,qar,14,4Kdbj5ZSD2,2023-03-09,3.1,-2.3807681306409965,4.057421785240327,9.133159098941057
subsidence,qar,14,4Kdbj5ZSD2,2023-03-21,7.6,-2.3346146885741774,4.009897526033677,9.021241957026373
subsidence,qar,14,4Kdbj5ZSD2,2023-04-02,6.2,-2.2596153434962463,3.9326706030524528,8.83937659724577
subsidence,qar,14,4Kdbj5ZSD2,2023-04-14,7.3,-2.41538322250721,4.0930649902678145,9.217096980392501
subsidence,qar,14,4Kdbj5ZSD2,2023-04-26,7.4,-1.9307720601734093,3.594060247352986,8.041966940257453
subsidence,qar,14,4Kdbj5ZSD2,2023-05-08,1.0,-2.2423077906857403,3.914848993457042,8.797407639843094
subsidence,qar,14,4Kdbj5ZSD2,2023-05-20,1.9,-2.351922227629885,4.027719121465753,9.06321088107514
subsidence,qar,14,4Kdbj5ZSD2,2023-06-01,8.0,-2.374998955540694,4.051481258150745,9.119169468709437
subsidence,qar,14,4Kdbj5ZSD2,2023-06-13,16.1,-2.444229125518322,4.122767654042388,9.287045198258419
subsidence,qar,14,4Kdbj5ZSD2,2023-06-25,9.0,-1.9711563133851273,3.635643965306721,8.139894418586609
subsidence,qar,14,4Kdbj5ZSD2,2023-07-07,10.4,-2.282692071407055,3.956432739737445,8.895335184880068
subsidence,xtft,14,4Kdbj5ZSD2,2022-08-29,7.5,,,
subsidence,xtft,14,4Kdbj5ZSD2,2022-09-10,2.4,,,
subsidence,xtft,14,4Kdbj5ZSD2,2022-09-22,3.2,,,
subsidence,xtft,14,4Kdbj5ZSD2,2022-10-04,4.5,,,
subsidence,xtft,14,4Kdbj5ZSD2,2022-10-16,1.8,,,
subsidence,xtft,14,4Kdbj5ZSD2,2022-10-28,10.2,,,
subsidence,xtft,14,4Kdbj5ZSD2,2022-11-09,4.8,,,
subsidence,xtft,14,4Kdbj5ZSD2,2022-11-21,2.9,,,
subsidence,xtft,14,4Kdbj5ZSD2,2022-12-03,2.5,,,
subsidence,xtft,14,4Kdbj5ZSD2,2022-12-15,1.3,,,
subsidence,xtft,14,4Kdbj5ZSD2,2022-12-27,9.5,,,
subsidence,xtft,14,4Kdbj5ZSD2,2023-01-08,4.1,,,
subsidence,xtft,14,4Kdbj5ZSD2,2023-01-20,4.4,0.18888401985168457,0.4805496633052826,-0.15284332633018494
subsidence,xtft,14,4Kdbj5ZSD2,2023-02-01,4.8,0.20468096435070038,0.5199985504150391,-0.1656872183084488
subsidence,xtft,14,4Kdbj5ZSD2,2023-02-13,19.1,0.20273081958293915,0.5151286125183105,-0.16410164535045624
subsidence,xtft,14,4Kdbj5ZSD2,2023-02-25,4.9,0.19548039138317108,0.49702244997024536,-0.15820658206939697
subsidence,xtft,14,4Kdbj5ZSD2,2023-03-09,3.1,0.2068617343902588,0.525444507598877,-0.1674603372812271
subsidence,xtft,14,4Kdbj5ZSD2,2023-03-21,7.6,0.2155563235282898,0.5471571087837219,-0.17452958226203918
subsidence,xtft,14,4Kdbj5ZSD2,2023-04-02,6.2,0.21197113394737244,0.5382039546966553,-0.1716146022081375
subsidence,xtft,14,4Kdbj5ZSD2,2023-04-14,7.3,0.2137286514043808,0.5425929427146912,-0.17304357886314392
subsidence,xtft,14,4Kdbj5ZSD2,2023-04-26,7.4,0.2159191071987152,0.5480630397796631,-0.1748245507478714
subsidence,xtft,14,4Kdbj5ZSD2,2023-05-08,1.0,0.20301878452301025,0.5158476829528809,-0.16433577239513397
subsidence,xtft,14,4Kdbj5ZSD2,2023-05-20,1.9,0.2125357687473297,0.5396139621734619,-0.17207367718219757
subsidence,xtft,14,4Kdbj5ZSD2,2023-06-01,8.0,0.21566210687160492,0.5474212169647217,-0.17461557686328888
subsidence,xtft,14,4Kdbj5ZSD2,2023-06-13,16.1,0.2152792513370514,0.5464651584625244,-0.1743043065071106
subsidence,xtft,14,4Kdbj5ZSD2,2023-06-25,9.0,0.21330082416534424,0.5415245294570923,-0.17269572615623474
subsidence,xtft,14,4Kdbj5ZSD2,2023-07-07,10.4,0.2005636990070343,0.5097167491912842,-0.16233964264392853
subsidence,qgbm,28,4Kdbj5ZSD2,2022-08-29,19.1,1.7862608785163645,3.9293472331717063,7.633677539353376
subsidence,qgbm,28,4Kdbj5ZSD2,2022-09-10,4.9,3.771463871476893,4.966447882281698,8.29560543243008
subsidence,qgbm,28,4Kdbj5ZSD2,2022-09-22,3.1,2.6307350158623897,4.029156150519857,7.167944918501139
subsidence,qgbm,28,4Kdbj5ZSD2,2022-10-04,7.6,3.1207458614479857,4.580255673190452,10.328364873087294
subsidence,qgbm,28,4Kdbj5ZSD2,2022-10-16,6.2,3.718247824073852,4.607724787450594,9.07010374922889
subsidence,qgbm,28,4Kdbj5ZSD2,2022-10-28,7.3,2.1673189005961917,3.973589554292307,9.873494995527475
subsidence,qgbm,28,4Kdbj5ZSD2,2022-11-09,7.4,2.039757053442129,4.27483566666104,7.426190771124028
subsidence,qgbm,28,4Kdbj5ZSD2,2022-11-21,1.0,-1.3004035042063424,2.8728157004605146,5.799760156331012
subsidence,qgbm,28,4Kdbj5ZSD2,2022-12-03,1.9,-1.2008463417389605,2.8620862354856484,8.024385405643018
subsidence,qgbm,28,4Kdbj5ZSD2,2022-12-15,8.0,-3.741627694148744,3.5167198932805297,7.388431259061427
subsidence,qgbm,28,4Kdbj5ZSD2,2022-12-27,16.1,-0.27021549662112293,3.052401457267002,7.047073080260665
subsidence,qgbm,28,4Kdbj5ZSD2,2023-01-08,9.0,-0.5854493942465224,3.7548005048075286,8.458981431626809
subsidence,qgbm,28,4Kdbj5ZSD2,2023-01-20,10.4,-3.7636633593551028,1.3353740493070188,4.972162666981216
subsidence,qar,28,4Kdbj5ZSD2,2022-08-29,19.1,-0.3787229413573481,4.300011136827749,9.685916491434881
subsidence,qar,28,4Kdbj5ZSD2,2022-09-10,4.9,-1.1234039504630458,4.124993005317044,9.168311757941943
subsidence,qar,28,4Kdbj5ZSD2,2022-09-22,3.1,-1.485106114303919,4.039984208121003,8.916903772738307
subsidence,qar,28,4Kdbj5ZSD2,2022-10-04,7.6,-1.22978695176386,4.099990415101228,9.094368224585809
subsidence,qar,28,4Kdbj5ZSD2,2022-10-16,6.2,-1.485106114303919,4.039984208121003,8.916903772738307
subsidence,qar,28,4Kdbj5ZSD2,2022-10-28,7.3,-0.8893613678922023,4.1799986990229705,9.330987517221828
subsidence,qar,28,4Kdbj5ZSD2,2022-11-09,7.4,-1.165957110401477,4.114991978768448,9.13873437280671
subsidence,qar,28,4Kdbj5ZSD2,2022-11-21,1.0,-1.1021273704938301,4.12999351859134,9.18310045050956
subsidence,qar,28,4Kdbj5ZSD2,2022-12-03,1.9,-0.3999995213265637,4.295010623553452,9.671127798867264
subsidence,qar,28,4Kdbj5ZSD2,2022-12-15,8.0,-1.165957110401477,4.114991978768448,9.13873437280671
subsidence,qar,28,4Kdbj5ZSD2,2022-12-27,16.1,-0.9106379478614179,4.174998185748674,9.316198824654212
subsidence,qar,28,4Kdbj5ZSD2,2023-01-08,9.0,-0.2723398386017981,4.3250137508878925,9.759860095309064
subsidence,qar,28,4Kdbj5ZSD2,2023-01-20,10.4,-2.8255319712760696,3.7249515618640014,7.9852152242438
subsidence,xtft,28,4Kdbj5ZSD2,2022-08-29,19.1,,,
subsidence,xtft,28,4Kdbj5ZSD2,2022-09-10,4.9,,,
subsidence,xtft,28,4Kdbj5ZSD2,2022-09-22,3.1,,,
subsidence,xtft,28,4Kdbj5ZSD2,2022-10-04,7.6,,,
subsidence,xtft,28,4Kdbj5ZSD2,2022-10-16,6.2,,,
subsidence,xtft,28,4Kdbj5ZSD2,2022-10-28,7.3,,,
subsidence,xtft,28,4Kdbj5ZSD2,2022-11-09,7.4,,,
subsidence,xtft,28,4Kdbj5ZSD2,2022-11-21,1.0,,,
subsidence,xtft,28,4Kdbj5ZSD2,2022-12-03,1.9,,,
subsidence,xtft,28,4Kdbj5ZSD2,2022-12-15,8.0,,,
subsidence,xtft,28,4Kdbj5ZSD2,2022-12-27,16.1,,,
subsidence,xtft,28,4Kdbj5ZSD2,2023-01-08,9.0,,,
subsidence,xtft,28,4Kdbj5ZSD2,2023-01-20,10.4,2.891697406768799,4.088258266448975,0.34981703758239746
